Review	Liked
What is match token?	Match
How to confiure match token	Match
What are all the types of Match Token	Match
What is compartor token?	Match
What is match score?	Match
What is igonre in token?	Match
What is RDM	RDM
How to enable RDM	RDM
How to configure RDM	RDM
How to remove RDM	RDM
What is meany by type in RDM	RDM
What is RIQ	RIQ
How to enable RIQ	RIQ
How to enable RIQ in GCP	RIQ
How to check consistency check in RIQ	RIQ
What are the different feature in RIQ	RIQ
What are cieent available for RIQ	RIQ
What is Shield	Shield
How to enable Shield	Shield
How to enable Shield in GCP	Shield
How to check consistency check in Shield	Shield
What are the different feature in Shield	Shield
What are cieent available for Shield	Shield
What is Console	Console
How to enable Console	Console
How to enable Console in GCP	Console
How to check consistency check in Console	Console
What are the different feature in Console	Console
What are cieent available for Console	Console
What is Security	Security
How to enable Security	Security
How to enable Security in GCP	Security
How to check consistency check in Security	Security
What are the different feature in Security	Security
What are cieent available for Security	Security
What is DnBConnector	DnBConnector
How to enable DnBConnector	DnBConnector
How to enable DnBConnector in GCP	DnBConnector
How to check consistency check in DnBConnector	DnBConnector
What are the different feature in DnBConnector	DnBConnector
What are cieent available for DnBConnector	DnBConnector
